{
  "best_k": 6,
  "scores": {
    "2": 0.1586694257358791,
    "3": 0.14772311942476524,
    "4": 0.1609791046981706,
    "5": 0.16555767941122496,
    "6": 0.16776935261896714,
    "7": 0.1615578837936575,
    "8": 0.1459951994147597
  }
}